Y,Z,Tangent_Y,Tangent_Z,Normal_Y,Normal_Z
3.73747,4.8921899999999985,0.999766198394482,0.021622870943640397,-0.021622870943640397,0.999766198394482
3.8234092307692307,4.893842626700571,0.999857366493541,0.01688924712949032,-0.01688924712949032,0.999857366493541
3.9093484615384617,4.89510349196321,0.9999217497014786,0.01250977513521333,-0.01250977513521333,0.9999217497014786
3.9952876923076923,4.896003135909396,0.9999640024597908,0.008484915120099173,-0.008484915120099173,0.9999640024597908
4.081226923076923,4.896572098660602,0.9999884078202442,0.0048150000138190464,-0.0048150000138190464,0.9999884078202442
4.1671661538461535,4.89684092033831,0.9999988746120214,0.0015002582080145552,-0.0015002582080145552,0.9999988746120214
4.253105384615385,4.896840141063994,0.9999989354171885,-0.0014591656826962722,0.0014591656826962722,0.9999989354171885
4.339044615384616,4.896600300959134,0.9999917452012109,-0.00406319202554763,0.00406319202554763,0.9999917452012109
4.424983846153847,4.896151940145206,0.9999800804591129,-0.006311789364829629,0.006311789364829629,0.9999800804591129
4.510923076923077,4.895525598743688,0.9999663387522485,-0.00820495962349474,0.00820495962349474,0.9999663387522485
4.596862307692308,4.894751816876058,0.9999525385253671,-0.009742725320669537,0.009742725320669537,0.9999525385253671
4.682801538461538,4.8938611346637915,0.9999403191085914,-0.010925118809806655,0.010925118809806655,0.9999403191085914
4.768740769230769,4.892884092228371,0.9999309408239702,-0.011752173538969046,0.011752173538969046,0.9999309408239702
4.85468,4.891851229691269,0.9999252851313649,-0.012223917332779206,0.012223917332779206,0.9999252851313649
4.940619230769231,4.8907930871739635,0.9999238547635318,-0.01234036769465183,0.01234036769465183,0.9999238547635318
5.026558461538461,4.889740204797933,0.9999267738153473,-0.012101529127814847,0.012101529127814847,0.9999267738153473
5.112497692307692,4.888723122684657,0.999933787767194,-0.011507392474071558,0.011507392474071558,0.999933787767194
5.198436923076923,4.887772380955608,0.9999442634375768,-0.010557936270023703,0.010557936270023703,0.9999442634375768
5.284376153846154,4.88691851973227,0.9999571888750828,-0.009253130121320913,0.009253130121320913,0.9999571888750828
5.370315384615385,4.886192079136117,0.999971173214856,-0.007592940096186279,0.007592940096186279,0.999971173214856
5.456254615384616,4.8856235992552275,0.9999844460516453,-0.005577423669039202,0.005577423669039202,0.9999844460516453
5.542193846153847,4.885228912567285,0.9999931069117628,-0.0037129676755185397,0.0037129676755185397,0.9999931069117628
5.628133076923077,4.884967324954824,0.999996924828269,-0.0024799866946038462,0.0024799866946038462,0.999996924828269
5.714072307692308,4.884784564229229,0.9999982355980424,-0.001878510261405698,0.001878510261405698,0.9999982355980424
5.800011538461538,4.884626358201889,0.9999981787214508,-0.0019085475580450874,0.0019085475580450874,0.9999981787214508
5.885950769230769,4.884438434684191,0.9999966972921486,-0.0025700982072689622,0.0025700982072689622,0.9999966972921486
5.97189,4.8841665214875265,0.9999925380015017,-0.00386315173340833,0.00386315173340833,0.9999925380015017
6.057829230769231,4.8837563464232785,0.9999832512647889,-0.005787675690802963,0.005787675690802963,0.9999832512647889
6.143768461538461,4.883153637302838,0.9999651916265921,-0.008343592463243772,0.008343592463243772,0.9999651916265921
6.229707692307692,4.88230412193759,0.9999335187529246,-0.011530744745882789,0.011530744745882789,0.9999335187529246
6.3156469230769225,4.881153528138928,0.9998821994673822,-0.015348849737692112,0.015348849737692112,0.9998821994673822
6.401586153846154,4.87967087895449,0.9998202981114028,-0.018957095885853092,0.018957095885853092,0.9998202981114028
6.487525384615385,4.877928035333226,0.9997709912189263,-0.02140011955867086,0.02140011955867086,0.9997709912189263
6.573464615384616,4.876025227004529,0.9997428344751045,-0.022677409809851903,0.022677409809851903,0.9997428344751045
6.659403846153847,4.874062684610594,0.9997402913633647,-0.02278924800633891,0.02278924800633891,0.9997402913633647
6.745343076923077,4.872140638793618,0.9997637526326907,-0.021735660141808045,0.021735660141808045,0.9997637526326907
6.831282307692308,4.870359320195795,0.9998095367320589,-0.019516410008653607,0.019516410008653607,0.9998095367320589
6.917221538461538,4.868818959459323,0.99986988592967,-0.016131063541778252,0.016131063541778252,0.99986988592967
7.003160769230769,4.8676197872263955,0.9999329596909448,-0.011579124479312105,0.011579124479312105,0.9999329596909448
7.0891,4.866862034139212,0.999982828636975,-0.005860241564527136,0.005860241564527136,0.999982828636975
7.175039230769231,4.866645875456367,0.9999994911144955,0.0010088462471545595,-0.0010088462471545595,0.9999994911144955
7.260978461538461,4.867022394337831,0.9999716120167208,0.007534929374639618,-0.007534929374639618,0.9999716120167208
7.346917692307692,4.867903456629253,0.9999187195894869,0.012749675075126615,-0.012749675075126615,0.9999187195894869
7.432856923076923,4.869176419344862,0.9998613251570386,0.01665324158266402,-0.01665324158266402,0.9998613251570386
7.518796153846154,4.8707286394988945,0.9998147767157635,0.019246097287707254,-0.019246097287707254,0.9998147767157635
7.604735384615385,4.872447474105578,0.9997892636462119,0.02052871885349,-0.02052871885349,0.9997892636462119
7.690674615384616,4.8742202801791485,0.9997898243985188,0.02050139090839728,-0.02050139090839728,0.9997898243985188
7.776613846153846,4.875934414733836,0.9998163516371066,0.019164107051096817,-0.019164107051096817,0.9998163516371066
7.862553076923077,4.877477234783873,0.9998635921218068,0.016516571959016003,-0.016516571959016003,0.9998635921218068
7.948492307692308,4.878736097343496,0.9999211413833811,0.012558304605172321,-0.012558304605172321,0.9999211413833811
8.034431538461538,4.879598660574947,0.9999730320577302,0.007344055914125817,-0.007344055914125817,0.9999730320577302
8.12037076923077,4.880024989314748,0.999995890979473,0.0028667096417588343,-0.0028667096417588343,0.999995890979473
8.20631,4.8801411200249225,0.9999999921568178,0.00012524521835381407,-0.00012524521835381407,0.9999999921568178
8.29224923076923,4.880096248052808,0.9999996126465337,-0.0008801742910379043,0.0008801742910379043,0.9999996126465337
8.37818846153846,4.880039568745739,0.9999999888191736,-0.0001495381310902845,0.0001495381310902845,0.9999999888191736
8.464127692307692,4.880120277451053,0.9999973154078193,0.0023171484963638066,-0.0023171484963638066,0.9999973154078193
8.550066923076923,4.880487569516086,0.9999787461040662,0.0065197653438884935,-0.0065197653438884935,0.9999787461040662
8.636006153846154,4.8812906402881735,0.99992239931293,0.01245774266362886,-0.01245774266362886,0.99992239931293
8.721945384615385,4.882678685114652,0.999797381250135,0.020129491930305266,-0.020129491930305266,0.999797381250135
8.807884615384616,4.884800899342861,0.9995638470765984,0.029531603705697743,-0.029531603705697743,0.9995638470765984
8.893823846153847,4.88780644085922,0.9991738176079324,0.040640893282383336,-0.040640893282383336,0.9991738176079324
8.979763076923078,4.891742391481274,0.9987392879884941,0.0501979544228212,-0.0501979544228212,0.9987392879884941
9.065702307692309,4.896331385014437,0.9984427890158787,0.05578527639255372,-0.05578527639255372,0.9984427890158787
9.151641538461538,4.901231739127146,0.9983505404968472,0.057412527288501415,-0.057412527288501415,0.9983505404968472
9.23758076923077,4.906101771487839,0.9984817861781314,0.05508287093578369,-0.05508287093578369,0.9984817861781314
9.32352,4.910599799764948,0.9988089695654886,0.04879182631882948,-0.04879182631882948,0.9988089695654886
9.40945923076923,4.914384141626907,0.9992574862159395,0.03852890137807736,-0.03852890137807736,0.9992574862159395
9.49539846153846,4.917113114742154,0.9997051479900668,0.024282032084623702,-0.024282032084623702,0.9997051479900668
9.581337692307692,4.918445036779123,0.9999817295067064,0.006044886498215415,-0.006044886498215415,0.9999817295067064
9.667276923076923,4.918038225406251,0.9998692093855936,-0.01617294415460464,0.01617294415460464,0.9998692093855936
9.753216153846154,4.915551187557759,0.9991061417670108,-0.042271946766591774,0.042271946766591774,0.9991061417670108
9.839155384615385,4.910846359826872,0.9978229491800484,-0.06594969362802676,0.06594969362802676,0.9978229491800484
9.925094615384616,4.904378234415172,0.9965447394729404,-0.0830577042110423,0.0830577042110423,0.9965447394729404
10.011033846153847,4.896708141839519,0.9956049325819372,-0.09365264661778688,0.09365264661778688,0.9956049325819372
10.096973076923078,4.888397412616765,0.9952076733916126,-0.09778387813158917,0.09778387813158917,0.9952076733916126
10.182912307692309,4.880007377263768,0.9954319644737952,-0.09547357804042332,0.09547357804042332,0.9954319644737952
10.268851538461538,4.872099366297381,0.9962336698196631,-0.0867091409117087,0.0867091409117087,0.9962336698196631
10.35479076923077,4.8652347102344615,0.9974443674704768,-0.07144741983739199,0.07144741983739199,0.9974443674704768
10.44073,4.8599747395918635,0.9987676197114459,-0.049631056969731926,0.049631056969731926,0.9987676197114459
10.52666923076923,4.856880784886443,0.9997748809509472,-0.021217620496170028,0.021217620496170028,0.9997748809509472
10.61260846153846,4.856509094723772,0.9999124821499953,0.013229816349274523,-0.013229816349274523,0.9999124821499953
10.698547692307692,4.8590884498421305,0.9989372592909119,0.0460906932076478,-0.0460906932076478,0.9989372592909119
10.784486923076923,4.864326644608364,0.9971912588056533,0.0748972186506056,-0.0748972186506056,0.9971912588056533
10.870426153846154,4.871885052399118,0.9950237507663817,0.09963802191333061,-0.09963802191333061,0.9950237507663817
10.956365384615385,4.881425046591031,0.9927323532072293,0.12034315475188945,-0.12034315475188945,0.9927323532072293
11.042304615384616,4.892608000560746,0.9905619515589627,0.13706575109668892,-0.13706575109668892,0.9905619515589627
11.128243846153847,4.9050952876849045,0.9887061598638653,0.14986703922894076,-0.14986703922894076,0.9887061598638653
11.214183076923078,4.918548281340148,0.9873100078786494,0.15880474911872566,-0.15880474911872566,0.9873100078786494
11.300122307692307,4.932628354903116,0.9864728587971632,0.1639246743371851,-0.1639246743371851,0.9864728587971632
11.386061538461538,4.946996881750453,0.9862508644815855,0.16525505229591386,-0.16525505229591386,0.9862508644815855
11.47200076923077,4.961314856326577,0.9866666338812912,0.16275427363163755,-0.16275427363163755,0.9866666338812912
11.55794,4.975200994608314,0.98785396616871,0.15538513933046844,-0.15538513933046844,0.98785396616871
11.64387923076923,4.9881937560178535,0.9897677670265044,0.14268765663282612,-0.14268765663282612,0.9897677670265044
11.72981846153846,4.999822632667116,0.9922099555916882,0.12457690004467206,-0.12457690004467206,0.9922099555916882
11.815757692307692,5.009617116668024,0.9948911054150605,0.10095389227760772,-0.10095389227760772,0.9948911054150605
11.901696923076923,5.017106700132499,0.9974241222674364,0.07172949406648699,-0.07172949406648699,0.9974241222674364
11.987636153846154,5.02182087517246,0.9993205417942506,0.03685722111127743,-0.03685722111127743,0.9993205417942506
12.073575384615385,5.02328913389983,0.9999934295126641,-0.0036250422756833253,0.0036250422756833253,0.9999934295126641
12.159514615384616,5.021040968426531,0.998771824035876,-0.04954637738572748,0.04954637738572748,0.998771824035876
12.245453846153847,5.014605870864484,0.9949317825378234,-0.10055221576926589,0.10055221576926589,0.9949317825378234
12.331393076923076,5.003524321671189,0.9879224296254364,-0.15494925957543237,0.15494925957543237,0.9879224296254364
12.417332307692307,4.987999057600809,0.9802198807017924,-0.19791155973556485,0.19791155973556485,0.9802198807017924
12.503271538461538,4.969261015731738,0.9742109632912181,-0.22563909014884131,0.22563909014884131,0.9742109632912181
12.58921076923077,4.948629779831137,0.9710576111906737,-0.23884538042144018,0.23884538042144018,0.9710576111906737
12.67515,4.927424933666166,0.9712830844444009,-0.23792681621072198,0.23792681621072198,0.9712830844444009
12.761089230769231,4.906966061003986,0.9748516759523177,-0.22285468335432668,0.22285468335432668,0.9748516759523177
12.84702846153846,4.888572745611755,0.9811628799361697,-0.19318230518181842,0.19318230518181842,0.9811628799361697
12.932967692307692,4.873564571256635,0.9889619005055089,-0.1481700352585909,0.1481700352585909,0.9889619005055089
13.018906923076923,4.863261121705784,0.9962022252574272,-0.08706966401767043,0.08706966401767043,0.9962022252574272
13.104846153846154,4.858981980726362,0.9999536873465104,-0.0096240927945186,0.0096240927945186,0.9999536873465104
13.190785384615385,4.862042519822682,0.996588583070002,0.08252997088649527,-0.08252997088649527,0.996588583070002
13.276724615384616,4.872984265952799,0.985983776579312,0.1668412188950843,-0.1668412188950843,0.985983776579312
13.362663846153845,4.890677338186648,0.9724025070026348,0.23330958911924543,-0.23330958911924543,0.9724025070026348
13.448603076923076,4.913774009462449,0.9591447078249237,0.28291594061035447,-0.28291594061035447,0.9591447078249237
13.534542307692307,4.940926552718428,0.948402086802822,0.3170701527234195,-0.3170701527234195,0.948402086802822
13.620481538461538,4.970787240892806,0.9414885576044042,0.33704494640919735,-0.33704494640919735,0.9414885576044042
13.70642076923077,5.002008346923809,0.939084447435506,0.34368648589193984,-0.34368648589193984,0.939084447435506
13.79236,5.03324214374966,0.9414002977297384,0.3372913865404215,-0.3372913865404215,0.9414002977297384
13.878299230769231,5.063140904308581,0.9482335225758912,0.3175739074031693,-0.3175739074031693,0.9482335225758912
13.96423846153846,5.0903569015387955,0.9589138368927765,0.28369746811625474,-0.28369746811625474,0.9589138368927765
14.050177692307692,5.11356714678054,0.9716964209762737,0.23623307444534528,-0.23623307444534528,0.9716964209762737
14.136116923076923,5.132253197720298,0.9819307020609338,0.18924084218297554,-0.18924084218297554,0.9819307020609338
14.222056153846154,5.146858955360686,0.9892022743930305,0.1465566796009502,-0.1465566796009502,0.9892022743930305
14.307995384615385,5.157884936154597,0.9940675305976149,0.10876462941397838,-0.10876462941397838,0.9940675305976149
14.393934615384616,5.165831656554928,0.9970870284759604,0.07627225999653635,-0.07627225999653635,0.9970870284759604
14.479873846153845,5.171199633014573,0.9987820227782516,0.049340358480500876,-0.049340358480500876,0.9987820227782516
14.565813076923076,5.174489381986433,0.9996045850627511,0.02811891750272545,-0.02811891750272545,0.9996045850627511
14.651752307692307,5.176201419923398,0.9999195724937832,0.01268260792777822,-0.01268260792777822,0.9999195724937832
14.737691538461538,5.176836263278365,0.9999953142856339,0.0030612753512721273,-0.0030612753512721273,0.9999953142856339
14.82363076923077,5.176894428504233,0.9999997284344087,-0.0007369742931724903,0.0007369742931724903,0.9999997284344087
14.90957,5.176874074082886,0.999999476125115,0.0010235963538349265,-0.0010235963538349265,0.999999476125115
14.995509230769231,5.177105293228116,0.9999902758560886,0.004410010574136076,-0.004410010574136076,0.9999902758560886
15.08144846153846,5.1776411181680455,0.9999670956066454,0.008112194771461767,-0.008112194771461767,0.9999670956066454
15.167387692307692,5.178508701547092,0.9999264297028855,0.012129929168806581,-0.012129929168806581,0.9999264297028855
15.253326923076923,5.179735196009675,0.9998644772481705,0.01646290184756093,-0.01646290184756093,0.9998644772481705
15.339266153846154,5.18134775420021,0.9997771445334726,0.02111069085785388,-0.02111069085785388,0.9997771445334726
15.425205384615385,5.1833735287631155,0.9996600481999167,0.026072745021194138,-0.026072745021194138,0.9996600481999167
15.511144615384616,5.185839672342806,0.9995085192771289,0.03134836347309154,-0.03134836347309154,0.9995085192771289
15.597083846153845,5.188773337583699,0.9993176082274302,0.03693667400576909,-0.03693667400576909,0.9993176082274302
15.683023076923076,5.192201677130214,0.9990820911312912,0.0428366102852069,-0.0428366102852069,0.9990820911312912
15.768962307692307,5.196151863110145,0.9987963714728422,0.04904904007912865,-0.04904904007912865,0.9987963714728422
15.854901538461538,5.200652408196666,0.9984529306780172,0.055603464105024765,-0.055603464105024765,0.9984529306780172
15.94084076923077,5.205734008051699,0.9980444548953888,0.06250812789202795,-0.06250812789202795,0.9980444548953888
16.026780000000002,5.211427558971446,0.9975637523631562,0.06976073373423973,-0.06976073373423973,0.9975637523631562
16.11271923076923,5.217763957252102,0.9970033334843929,0.07735860017482739,-0.07735860017482739,0.9970033334843929
16.19865846153846,5.224774099189869,0.9963554307660392,0.08529862591519487,-0.08529862591519487,0.9963554307660392
16.284597692307692,5.232488881080946,0.9956120216467946,0.0935772533919581,-0.0935772533919581,0.9956120216467946
16.370536923076923,5.24093919922153,0.9947648543915286,0.10219043236722812,-0.10219043236722812,0.9947648543915286
16.456476153846154,5.250155949907822,0.9938054772065515,0.11113358391709717,-0.11113358391709717,0.9938054772065515
16.542415384615385,5.26017002943602,0.9927252707004256,0.12040156524217926,-0.12040156524217926,0.9927252707004256
16.628354615384616,5.271008837285344,0.9915522198963778,0.12970811546917677,-0.12970811546917677,0.9915522198963778
16.714293846153844,5.28258141930171,0.9906073508267439,0.1367372534754894,-0.1367372534754894,0.9906073508267439
16.800233076923078,5.2946525394832955,0.9900106401383981,0.1409926679397161,-0.1409926679397161,0.9900106401383981
16.886172307692306,5.306978215496696,0.9897963919247011,0.14248895582761334,-0.14248895582761334,0.9897963919247011
16.97211153846154,5.319314465008509,0.9899766082437383,0.14123142401825395,-0.14123142401825395,0.9899766082437383
17.058050769230768,5.331417305685335,0.9905412042772808,0.13721560636062655,-0.13721560636062655,0.9905412042772808
17.143990000000002,5.343042755193769,0.9914578271787444,0.13042766932673094,-0.13042766932673094,0.9914578271787444
17.22992923076923,5.35394683120041,0.9926713006579507,0.12084572334200612,-0.12084572334200612,0.9926713006579507
17.31586846153846,5.363885551371855,0.9941027677061197,0.10844209163896129,-0.10844209163896129,0.9941027677061197
17.401807692307692,5.3726149333747,0.9956486603564624,0.09318661454512615,-0.09318661454512615,0.9956486603564624
17.487746923076923,5.379896985725557,0.9971428732681663,0.07553866751873262,-0.07553866751873262,0.9971428732681663
17.573686153846154,5.3856952797306255,0.9982275990704783,0.059511851374231414,-0.059511851374231414,0.9982275990704783
17.659625384615385,5.390218415757526,0.9989400365733471,0.04603046090188768,-0.04603046090188768,0.9989400365733471
17.745564615384616,5.3936897823271135,0.9993831450332341,0.03511879017679347,-0.03511879017679347,0.9993831450332341
17.831503846153844,5.396332767960242,0.9996410463511427,0.026791387608567422,-0.026791387608567422,0.9996410463511427
17.917443076923078,5.39837076117777,0.9997782924339561,0.021056257451007917,-0.021056257451007917,0.9997782924339561
18.003382307692306,5.400027150500551,0.9998394714587315,0.017917346709943282,-0.017917346709943282,0.9998394714587315
18.08932153846154,5.401525324449441,0.9998490211557078,0.01737627388057095,-0.01737627388057095,0.9998490211557078
18.175260769230768,5.403088671545294,0.9998111559988545,0.019433279194062743,-0.019433279194062743,0.9998111559988545
18.261200000000002,5.404940580308969,0.9997098567623935,0.024087388652873156,-0.024087388652873156,0.9997098567623935
18.34713923076923,5.4073012360262815,0.9995153701810903,0.031129162721761344,-0.031129162721761344,0.9995153701810903
18.43307846153846,5.410329440026224,0.9992197657156991,0.03949506048942727,-0.03949506048942727,0.9992197657156991
18.519017692307692,5.414128748609775,0.9987972788087396,0.04903056030943079,-0.04903056030943079,0.9987972788087396
18.604956923076923,5.418800746903555,0.9982146573935732,0.05972853392333754,-0.05972853392333754,0.9982146573935732
18.690896153846154,5.424447020034186,0.9974349264555445,0.07157909950972155,-0.07157909950972155,0.9974349264555445
18.776835384615385,5.431169153128288,0.9964176250165735,0.08456900470226196,-0.08456900470226196,0.9964176250165735
18.862774615384616,5.439068731312483,0.995119121425944,0.0986809716837902,-0.0986809716837902,0.995119121425944
18.948713846153844,5.44824733971339,0.9934930195814008,0.1138930201681853,-0.1138930201681853,0.9934930195814008
19.034653076923078,5.458806563457631,0.9914906673613636,0.1301777881795428,-0.1301777881795428,0.9914906673613636
19.120592307692306,5.470847987671825,0.9890617760954025,0.14750187479150279,-0.14750187479150279,0.9890617760954025
19.20653153846154,5.484452530502455,0.9863500556095136,0.16466198042993893,-0.16466198042993893,0.9863500556095136
19.292470769230768,5.499385629600943,0.9842447962543643,0.1768111451413762,-0.1768111451413762,0.9842447962543643
19.378410000000002,5.515166632929092,0.9830190621883749,0.1835034696519055,-0.1835034696519055,0.9830190621883749
19.46434923076923,5.53130836862076,0.9827765532251466,0.18479785288498546,-0.18479785288498546,0.9827765532251466
19.55028846153846,5.547323664809796,0.9835371414903272,0.18070609095721243,-0.18070609095721243,0.9835371414903272
19.636227692307692,5.562725349630057,0.9852378011474903,0.1711913408734756,-0.1711913408734756,0.9852378011474903
19.722166923076923,5.577026251215393,0.9877297139003275,0.15617302032802313,-0.15617302032802313,0.9877297139003275
19.808106153846154,5.589739197699662,0.9907720566296117,0.13553867271716094,-0.13553867271716094,0.9907720566296117
19.89404538461538,5.600377017216714,0.9940237626266931,0.10916391039840886,-0.10916391039840886,0.9940237626266931
19.979984615384616,5.608452537900407,0.997035584401057,0.07694181852570757,-0.07694181852570757,0.997035584401057
20.065923846153844,5.613529594344798,0.9991340455058388,0.04160720023188601,-0.04160720023188601,0.9991340455058388
20.151863076923078,5.615831337442385,0.9999120338427475,0.013263656225188982,-0.013263656225188982,0.9999120338427475
20.237802307692306,5.616040076424919,0.9999750390773198,-0.007065495192333307,0.007065495192333307,0.9999750390773198
20.32374153846154,5.614847445381688,0.9998128756791317,-0.019344601991907632,0.019344601991907632,0.9998128756791317
20.409680769230768,5.612945078401983,0.9997220410043195,-0.02357627473028519,0.02357627473028519,0.9997220410043195
20.495620000000002,5.611024609575095,0.99980464082841,-0.01976563123135491,0.01976563123135491,0.99980464082841
20.58155923076923,5.6097776729903135,0.9999687315478788,-0.007907966017025862,0.007907966017025862,0.9999687315478788
20.667498461538464,5.609895902736928,0.9999279956514657,0.012000146350863139,-0.012000146350863139,0.9999279956514657
20.753437692307692,5.612070932904231,0.9992026267294919,0.03992631634503014,-0.03992631634503014,0.9992026267294919
20.83937692307692,5.616994397581512,0.9971272162753052,0.07574506296162663,-0.07574506296162663,0.9971272162753052
20.925316153846154,5.625321149644746,0.99314239265627,0.11691102560913268,-0.11691102560913268,0.99314239265627
21.01125538461538,5.637054538938922,0.9883143674780034,0.15242936408892446,-0.15242936408892446,0.9883143674780034
21.097194615384616,5.6516390316863285,0.9834778187521747,0.18102867182428511,-0.18102867182428511,0.9834778187521747
21.183133846153844,5.668500973422892,0.9791949969191284,0.20292155629343098,-0.20292155629343098,0.9791949969191284
21.26907307692308,5.687066709684542,0.9758763220673,0.21832408027608732,-0.21832408027608732,0.9758763220673
21.355012307692306,5.706762586007203,0.9737979613035167,0.22741488641053054,-0.22741488641053054,0.9737979613035167
21.44095153846154,5.727014947926805,0.9731174560642867,0.23030939343190354,-0.23030939343190354,0.9731174560642867
21.526890769230768,5.7472501409792764,0.9738840651795845,0.22704587111261618,-0.22704587111261618,0.9738840651795845
21.612830000000002,5.766894510700542,0.9760422180131706,0.21758122312352787,-0.21758122312352787,0.9760422180131706
21.69876923076923,5.7853744026265295,0.979427626472476,0.20179574946587006,-0.20179574946587006,0.979427626472476
21.784708461538465,5.8021521537870795,0.9834132881363106,0.18137889821291103,-0.18137889821291103,0.9834132881363106
21.870647692307692,5.81715361421508,0.9866318712587302,0.16296487540723784,-0.16296487540723784,0.9866318712587302
21.95658692307692,5.830626590053694,0.9891001684133514,0.1472442081872158,-0.1472442081872158,0.9891001684133514
22.042526153846154,5.842825383650342,0.9909417687003206,0.13429225981075912,-0.13429225981075912,0.9909417687003206
22.12846538461538,5.8540042973524375,0.992261757314103,0.12416362177356205,-0.12416362177356205,0.992261757314103
22.214404615384616,5.864417633507399,0.9931441430336336,0.11689615544571914,-0.11689615544571914,0.9931441430336336
22.300343846153844,5.874319694462643,0.9936500972712677,0.11251437327204064,-0.11251437327204064,0.9936500972712677
22.38628307692308,5.883964782565587,0.9938168348179056,0.11103197211848347,-0.11103197211848347,0.9938168348179056
22.472222307692306,5.893607200163649,0.993656999545351,0.11245340036890936,-0.11245340036890936,0.993656999545351
22.55816153846154,5.903501249604244,0.9931584671132919,0.11677439445861656,-0.11677439445861656,0.9931584671132919
22.644100769230768,5.913887828661123,0.9923810661160372,0.12320641060593143,-0.12320641060593143,0.9923810661160372
22.730040000000002,5.924799066036425,0.9917175756952998,0.1284377283240303,-0.1284377283240303,0.9917175756952998
22.81597923076923,5.936102081324099,0.9912361391147171,0.13210191714335162,-0.13210191714335162,0.9912361391147171
22.901918461538465,5.9476594936241725,0.9909535078983528,0.1342056078707196,-0.1342056078707196,0.9909535078983528
22.987857692307692,5.959333922036685,0.9908792546520002,0.1347527465408274,-0.1347527465408274,0.9908792546520002
23.07379692307692,5.970987985661666,0.991015863585005,0.13374437604201087,-0.13374437604201087,0.991015863585005
23.159736153846154,5.98248430359915,0.9913587545582802,0.1311785796563432,-0.1311785796563432,0.9913587545582802
23.24567538461538,5.993685494949172,0.9918962389254555,0.1270505852231133,-0.1270505852231133,0.9918962389254555
23.331614615384616,6.004454178811762,0.9926094103689416,0.12135303229430386,-0.12135303229430386,0.9926094103689416
23.417553846153844,6.014652974286956,0.9934719790287729,0.11407640809849096,-0.11407640809849096,0.9934719790287729
23.50349307692308,6.024157855307476,0.9943688220886434,0.10597474066042316,-0.10597474066042316,0.9943688220886434
23.589432307692306,6.033045273983128,0.9949668635209075,0.10020449338910756,-0.10020449338910756,0.9949668635209075
23.67537153846154,6.041546344198983,0.9952724497217734,0.0971223497698655,-0.0971223497698655,0.9952724497217734
23.761310769230768,6.049896177576292,0.9953100809735955,0.09673594322864075,-0.09673594322864075,0.9953100809735955
23.847250000000003,6.0583298857363115,0.9950828354774004,0.09904620405778793,-0.09904620405778793,0.9950828354774004
23.93318923076923,6.067082580300292,0.9945723309915042,0.10404748159434442,-0.10404748159434442,0.9945723309915042
24.019128461538465,6.076389372889494,0.9937389589600243,0.11172681614118996,-0.11172681614118996,0.9937389589600243
24.105067692307692,6.086485375125167,0.9925224302590224,0.12206238336491608,-0.12206238336491608,0.9925224302590224
24.19100692307692,6.097605698628571,0.990842714592275,0.1350211647831979,-0.1350211647831979,0.990842714592275
24.276946153846154,6.109985455020958,0.9886014917933621,0.15055593785679475,-0.15055593785679475,0.9886014917933621
24.36288538461538,6.123838425424815,0.9858749952873496,0.1674828160354627,-0.1674828160354627,0.9858749952873496
24.448824615384616,6.139102205653217,0.9833430503419276,0.1817593060732606,-0.1817593060732606,0.9833430503419276
24.534763846153844,6.155521823320127,0.9811832973374399,0.1930785773358324,-0.1930785773358324,0.9811832973374399
24.62070307692308,6.172838383729843,0.9794899809152832,0.2014928715527624,-0.2014928715527624,0.9794899809152832
24.706642307692306,6.190792992186658,0.9783315322427241,0.20704447111575824,-0.20704447111575824,0.9783315322427241
24.79258153846154,6.20912675399487,0.9777522921658436,0.2097628545868861,-0.2097628545868861,0.9777522921658436
24.878520769230768,6.227580774458773,0.9777737286993166,0.20966290913138447,-0.20966290913138447,0.9777737286993166
24.964460000000003,6.245896158882665,0.9783950554302384,0.2067440821635783,-0.2067440821635783,0.9783950554302384
25.05039923076923,6.2638140125708395,0.9795932085290909,0.200990412218297,-0.200990412218297,0.9795932085290909
25.136338461538465,6.281075440827595,0.9813221838826339,0.19237144127915057,-0.19237144127915057,0.9813221838826339
25.222277692307692,6.29744634145053,0.9832831026135893,0.18208333288523107,-0.18208333288523107,0.9832831026135893
25.30821692307692,6.312983459030566,0.9847132219931998,0.17418343902843086,-0.17418343902843086,0.9847132219931998
25.394156153846154,6.3279324396243775,0.9856118953455221,0.16902423421926105,-0.16902423421926105,0.9856118953455221
25.48009538461538,6.342542134667875,0.9860196667238961,0.16662897957347303,-0.16662897957347303,0.9860196667238961
25.566034615384616,6.357061395596973,0.9859555210395915,0.16700811516674147,-0.16700811516674147,0.9859555210395915
25.651973846153844,6.371739073847577,0.9854164465497254,0.17016000372976034,-0.17016000372976034,0.9854164465497254
25.73791307692308,6.3868240208556,0.9843775033470933,0.17607081218686804,-0.17607081218686804,0.9843775033470933
25.823852307692306,6.402565088056952,0.9827924038075074,0.18471353772331178,-0.18471353772331178,0.9827924038075074
25.90979153846154,6.419211126887547,0.9805946531092251,0.19604623509161964,-0.19604623509161964,0.9805946531092251
25.995730769230768,6.437010988783292,0.9776993331829836,0.21000955667195026,-0.21000955667195026,0.9776993331829836
26.081670000000003,6.4561890102376855,0.9742469145161862,0.22548381218103233,-0.22548381218103233,0.9742469145161862
26.16760923076923,6.476763574837487,0.9707771542827398,0.239982742551846,-0.239982742551846,0.9707771542827398
26.253548461538465,6.49865008652007,0.9673552870121609,0.25342404915402167,-0.25342404915402167,0.9673552870121609
26.339487692307692,6.521763185475695,0.9640197439009928,0.2658306479115308,-0.2658306479115308,0.9640197439009928
26.42542692307692,6.546017511894629,0.9608047602054524,0.27722592369138804,-0.27722592369138804,0.9608047602054524
26.511366153846154,6.571327705967141,0.9577406494919294,0.28763318360505147,-0.28763318360505147,0.9577406494919294
26.59730538461538,6.597608407883489,0.9548540879504898,0.2970751937207791,-0.2970751937207791,0.9548540879504898
26.683244615384616,6.6247742578339475,0.9521683981367252,0.3055737907441391,-0.3055737907441391,0.9521683981367252
26.769183846153844,6.652739896008773,0.949703823877164,0.31314955997588867,-0.31314955997588867,0.949703823877164
26.85512307692308,6.6814199625982384,0.9474777900834019,0.31982157103402636,-0.31982157103402636,0.9474777900834019
26.941062307692306,6.7107510624773,0.9452238871057344,0.3264227370216818,-0.3264227370216818,0.9452238871057344
27.02700153846154,6.740835132741959,0.9423413106594172,0.3346533343994827,-0.3346533343994827,0.9423413106594172
27.112940769230768,6.771849403075155,0.938779103930988,0.34451965694649606,-0.34451965694649606,0.938779103930988
27.198880000000003,6.803971484578631,0.9345006262506969,0.35596148603051914,-0.35596148603051914,0.9345006262506969
27.28481923076923,6.837378988354118,0.9294664249444906,0.3689067157167344,-0.3689067157167344,0.9294664249444906
27.370758461538465,6.872249525503357,0.9236359184538382,0.3832710400512081,-0.3832710400512081,0.9236359184538382
27.456697692307692,6.908760707128086,0.9169692701540513,0.39895783936795415,-0.39895783936795415,0.9169692701540513
27.54263692307692,6.9470901443300415,0.9094294018399263,0.4158583449554352,-0.4158583449554352,0.9094294018399263
27.628576153846154,6.987415448210964,0.9009840778639232,0.4338521538908109,-0.4338521538908109,0.9009840778639232
27.714515384615382,7.029914229872586,0.8916079736701358,0.45280815064200686,-0.45280815064200686,0.8916079736701358
27.800454615384616,7.074738820654335,0.8816462386788161,0.47191091301589544,-0.47191091301589544,0.8816462386788161
27.886393846153844,7.121902907481293,0.8716542955430928,0.4901211983390173,-0.4901211983390173,0.8716542955430928
27.97233307692308,7.171372892713417,0.8616745553763441,0.5074612897719192,-0.5074612897719192,0.8616745553763441
28.058272307692306,7.223115138479022,0.8517402216463533,0.5239643068280712,-0.5239643068280712,0.8517402216463533
28.14421153846154,7.277096006906451,0.8418804001219368,0.539664147308794,-0.539664147308794,0.8418804001219368
28.230150769230768,7.333281860124021,0.8321203939860679,0.5545950323546645,-0.5545950323546645,0.8321203939860679
28.316090000000003,7.391639060260074,0.8224820085203429,0.5687911265661081,-0.5687911265661081,0.8224820085203429
28.40202923076923,7.452133969442928,0.8129838564977042,0.5822862260728142,-0.5822862260728142,0.8129838564977042
28.487968461538465,7.514732949800922,0.8036416574777034,0.5951135071282533,-0.5951135071282533,0.8036416574777034
28.573907692307692,7.579402363462377,0.7944685259728409,0.6073053278529191,-0.6073053278529191,0.7944685259728409
28.65984692307692,7.646108572555624,0.7854752449457738,0.618893076045755,-0.618893076045755,0.7854752449457738
28.745786153846154,7.714817939209001,0.7766705223213483,0.6299070564433169,-0.6299070564433169,0.7766705223213483
28.831725384615382,7.785496825550828,0.7680612291790029,0.6403764113644717,-0.6403764113644717,0.7680612291790029
28.917664615384616,7.858111593709444,0.7596526190595919,0.6503290692840838,-0.6503290692840838,0.7596526190595919
29.003603846153844,7.932628605813163,0.7514485284066518,0.6597917164950445,-0.6597917164950445,0.7514485284066518
29.08954307692308,8.009014223990333,0.7434515585952494,0.6687897876181232,-0.6687897876181232,0.7434515585952494
29.175482307692306,8.087234810369267,0.7356632403094108,0.6773474712859406,-0.6773474712859406,0.7356632403094108
29.26142153846154,8.167256727078309,0.7280841812361286,0.6854877278505548,-0.6854877278505548,0.7280841812361286
29.347360769230768,8.249046336245774,0.7207141981715196,0.6932323164379915,-0.6932323164379915,0.7207141981715196
29.4333,8.33257,0.713552434700759,0.7006018290959701,-0.7006018290959701,0.713552434700759
