x,y,z
-9.792830318212508711e-01,0.000000000000000000e+00,-2.904042553901672541e+00
-9.792830318212508711e-01,0.000000000000000000e+00,3.059395146369934260e+00
5.586236858367918945e-01,2.254544734954833984e+00,-2.796248674392700195e+00
5.586236858367918945e-01,2.254544734954833984e+00,2.947202444076538086e+00
6.155462265014647549e+00,4.509089469909667969e+00,-2.220864331722260054e+00
6.155462265014647549e+00,4.509089469909667969e+00,2.381695067882538375e+00
1.343424938201904872e+01,6.763634204864501953e+00,-1.629445165395737138e+00
1.343424938201904872e+01,6.763634204864501953e+00,1.770143955945969072e+00
1.809515668869018512e+01,9.018178939819335938e+00,-1.087519881129264787e+00
1.809515668869018512e+01,9.018178939819335938e+00,1.201672849059105319e+00
2.096895639419555835e+01,1.127272415161132812e+01,-6.627837747335435514e-01
2.096895639419555835e+01,1.127272415161132812e+01,7.321955889463428457e-01
2.311413553237914797e+01,1.352726840972900391e+01,-4.298472255468367975e-01
2.311413553237914797e+01,1.352726840972900391e+01,4.633316248655318659e-01
2.461196546554565856e+01,1.578181266784667969e+01,-3.545761212706566301e-01
2.461196546554565856e+01,1.578181266784667969e+01,3.753140375018120256e-01
2.579415546417236271e+01,1.803635787963867188e+01,-3.341050788760185353e-01
2.579415546417236271e+01,1.803635787963867188e+01,3.555687412619590870e-01
2.702099618911742951e+01,2.029090309143066406e+01,-3.130981400609016418e-01
2.702099618911742951e+01,2.029090309143066406e+01,3.314491286873817444e-01
2.831090566635131367e+01,2.254544830322265625e+01,-2.825810544192790541e-01
2.831090566635131367e+01,2.254544830322265625e+01,3.001421771943568739e-01
2.967458103179931683e+01,2.479999160766601562e+01,-2.482977636158466006e-01
2.967458103179931683e+01,2.479999160766601562e+01,2.609152771532536330e-01
3.102168088912963739e+01,2.705453681945800781e+01,-2.233507320284844055e-01
3.102168088912963739e+01,2.705453681945800781e+01,2.355329379439353998e-01
3.231923572540283374e+01,2.930908203125000000e+01,-2.058634489774704424e-01
3.231923572540283374e+01,2.930908203125000000e+01,2.177021235227585283e-01
3.363437145233154268e+01,3.156362533569335938e+01,-1.874247528612613678e-01
3.363437145233154268e+01,3.156362533569335938e+01,2.025852389633655548e-01
4.851064192823001164e+00,0.000000000000000000e+00,-2.904042553901672541e+00
4.851064192823001164e+00,0.000000000000000000e+00,3.059395146369934260e+00
6.140450162887574059e+00,2.254544734954833984e+00,-2.796248674392700195e+00
6.140450162887574059e+00,2.254544734954833984e+00,2.947202444076538086e+00
1.085286058698381595e+01,4.509089469909667969e+00,-2.220864331722260054e+00
1.085286058698381595e+01,4.509089469909667969e+00,2.381695067882538375e+00
1.691189072200230825e+01,6.763634204864501953e+00,-1.629445165395737138e+00
1.691189072200230825e+01,6.763634204864501953e+00,1.770143955945969072e+00
2.056713436944144036e+01,9.018178939819335938e+00,-1.087519881129264787e+00
2.056713436944144036e+01,9.018178939819335938e+00,1.201672849059105319e+00
2.259871725627354166e+01,1.127272415161132812e+01,-6.627837747335435514e-01
2.259871725627354166e+01,1.127272415161132812e+01,7.321955889463428457e-01
2.415270756040300526e+01,1.352726840972900391e+01,-4.298472255468367975e-01
2.415270756040300526e+01,1.352726840972900391e+01,4.633316248655318659e-01
2.553917085102626672e+01,1.578181266784667969e+01,-3.545761212706566301e-01
2.553917085102626672e+01,1.578181266784667969e+01,3.753140375018120256e-01
2.668919611794607860e+01,1.803635787963867188e+01,-3.341050788760185353e-01
2.668919611794607860e+01,1.803635787963867188e+01,3.555687412619590870e-01
2.786873805182320396e+01,2.029090309143066406e+01,-3.130981400609016418e-01
2.786873805182320396e+01,2.029090309143066406e+01,3.314491286873817444e-01
2.909749625342232449e+01,2.254544830322265625e+01,-2.825810544192790541e-01
2.909749625342232449e+01,2.254544830322265625e+01,3.001421771943568739e-01
3.039869050707136111e+01,2.479999160766601562e+01,-2.482977636158466006e-01
3.039869050707136111e+01,2.479999160766601562e+01,2.609152771532536330e-01
3.170163621357508887e+01,2.705453681945800781e+01,-2.233507320284844055e-01
3.170163621357508887e+01,2.705453681945800781e+01,2.355329379439353998e-01
3.297500710078648467e+01,2.930908203125000000e+01,-2.058634489774704424e-01
3.297500710078648467e+01,2.930908203125000000e+01,2.177021235227585283e-01
3.413535448891776269e+01,3.156362533569335938e+01,-1.874247528612613678e-01
3.413535448891776269e+01,3.156362533569335938e+01,2.025852389633655548e-01
1.068141141746725431e+01,0.000000000000000000e+00,-2.904042553901672541e+00
1.068141141746725431e+01,0.000000000000000000e+00,3.059395146369934260e+00
1.172227663993835733e+01,2.254544734954833984e+00,-2.796248674392700195e+00
1.172227663993835733e+01,2.254544734954833984e+00,2.947202444076538086e+00
1.555025890895298346e+01,4.509089469909667969e+00,-2.220864331722260054e+00
1.555025890895298346e+01,4.509089469909667969e+00,2.381695067882538375e+00
2.038953206198556956e+01,6.763634204864501953e+00,-1.629445165395737138e+00
2.038953206198556956e+01,6.763634204864501953e+00,1.770143955945969072e+00
2.303911205019269914e+01,9.018178939819335938e+00,-1.087519881129264787e+00
2.303911205019269914e+01,9.018178939819335938e+00,1.201672849059105319e+00
2.422847811835152854e+01,1.127272415161132812e+01,-6.627837747335435514e-01
2.422847811835152854e+01,1.127272415161132812e+01,7.321955889463428457e-01
2.519127958842685899e+01,1.352726840972900391e+01,-4.298472255468367975e-01
2.519127958842685899e+01,1.352726840972900391e+01,4.633316248655318659e-01
2.646637623650687487e+01,1.578181266784667969e+01,-3.545761212706566301e-01
2.646637623650687487e+01,1.578181266784667969e+01,3.753140375018120256e-01
2.758423677171979449e+01,1.803635787963867188e+01,-3.341050788760185353e-01
2.758423677171979449e+01,1.803635787963867188e+01,3.555687412619590870e-01
2.871647991452897841e+01,2.029090309143066406e+01,-3.130981400609016418e-01
2.871647991452897841e+01,2.029090309143066406e+01,3.314491286873817444e-01
2.988408684049333530e+01,2.254544830322265625e+01,-2.825810544192790541e-01
2.988408684049333530e+01,2.254544830322265625e+01,3.001421771943568739e-01
3.112279998234340184e+01,2.479999160766601562e+01,-2.482977636158466006e-01
3.112279998234340184e+01,2.479999160766601562e+01,2.609152771532536330e-01
3.238159153802054391e+01,2.705453681945800781e+01,-2.233507320284844055e-01
3.238159153802054391e+01,2.705453681945800781e+01,2.355329379439353998e-01
3.363077847617012850e+01,2.930908203125000000e+01,-2.058634489774704424e-01
3.363077847617012850e+01,2.930908203125000000e+01,2.177021235227585283e-01
3.463633752550397560e+01,3.156362533569335938e+01,-1.874247528612613678e-01
3.463633752550397560e+01,3.156362533569335938e+01,2.025852389633655548e-01
1.651175864211150568e+01,0.000000000000000000e+00,-2.904042553901672541e+00
1.651175864211150568e+01,0.000000000000000000e+00,3.059395146369934260e+00
1.730410311698913972e+01,2.254544734954833984e+00,-2.796248674392700195e+00
1.730410311698913972e+01,2.254544734954833984e+00,2.947202444076538086e+00
2.024765723092215097e+01,4.509089469909667969e+00,-2.220864331722260054e+00
2.024765723092215097e+01,4.509089469909667969e+00,2.381695067882538375e+00
2.386717340196882731e+01,6.763634204864501953e+00,-1.629445165395737138e+00
2.386717340196882731e+01,6.763634204864501953e+00,1.770143955945969072e+00
2.551108973094395438e+01,9.018178939819335938e+00,-1.087519881129264787e+00
2.551108973094395438e+01,9.018178939819335938e+00,1.201672849059105319e+00
2.585823898042951186e+01,1.127272415161132812e+01,-6.627837747335435514e-01
2.585823898042951186e+01,1.127272415161132812e+01,7.321955889463428457e-01
2.622985161645071628e+01,1.352726840972900391e+01,-4.298472255468367975e-01
2.622985161645071628e+01,1.352726840972900391e+01,4.633316248655318659e-01
2.739358162198748303e+01,1.578181266784667969e+01,-3.545761212706566301e-01
2.739358162198748303e+01,1.578181266784667969e+01,3.753140375018120256e-01
2.847927742549351038e+01,1.803635787963867188e+01,-3.341050788760185353e-01
2.847927742549351038e+01,1.803635787963867188e+01,3.555687412619590870e-01
2.956422177723475286e+01,2.029090309143066406e+01,-3.130981400609016418e-01
2.956422177723475286e+01,2.029090309143066406e+01,3.314491286873817444e-01
3.067067742756434257e+01,2.254544830322265625e+01,-2.825810544192790541e-01
3.067067742756434257e+01,2.254544830322265625e+01,3.001421771943568739e-01
3.184690945761544612e+01,2.479999160766601562e+01,-2.482977636158466006e-01
3.184690945761544612e+01,2.479999160766601562e+01,2.609152771532536330e-01
3.306154686246599539e+01,2.705453681945800781e+01,-2.233507320284844055e-01
3.306154686246599539e+01,2.705453681945800781e+01,2.355329379439353998e-01
3.428654985155377943e+01,2.930908203125000000e+01,-2.058634489774704424e-01
3.428654985155377943e+01,2.930908203125000000e+01,2.177021235227585283e-01
3.513732056209019561e+01,3.156362533569335938e+01,-1.874247528612613678e-01
3.513732056209019561e+01,3.156362533569335938e+01,2.025852389633655548e-01
2.234210586675575883e+01,0.000000000000000000e+00,-2.904042553901672541e+00
2.234210586675575883e+01,0.000000000000000000e+00,3.059395146369934260e+00
2.288592959403992211e+01,2.254544734954833984e+00,-2.796248674392700195e+00
2.288592959403992211e+01,2.254544734954833984e+00,2.947202444076538086e+00
2.494505555289132204e+01,4.509089469909667969e+00,-2.220864331722260054e+00
2.494505555289132204e+01,4.509089469909667969e+00,2.381695067882538375e+00
2.734481474195208506e+01,6.763634204864501953e+00,-1.629445165395737138e+00
2.734481474195208506e+01,6.763634204864501953e+00,1.770143955945969072e+00
2.798306741169520961e+01,9.018178939819335938e+00,-1.087519881129264787e+00
2.798306741169520961e+01,9.018178939819335938e+00,1.201672849059105319e+00
2.748799984250749873e+01,1.127272415161132812e+01,-6.627837747335435514e-01
2.748799984250749873e+01,1.127272415161132812e+01,7.321955889463428457e-01
2.726842364447457001e+01,1.352726840972900391e+01,-4.298472255468367975e-01
2.726842364447457001e+01,1.352726840972900391e+01,4.633316248655318659e-01
2.832078700746809119e+01,1.578181266784667969e+01,-3.545761212706566301e-01
2.832078700746809119e+01,1.578181266784667969e+01,3.753140375018120256e-01
2.937431807926722627e+01,1.803635787963867188e+01,-3.341050788760185353e-01
2.937431807926722627e+01,1.803635787963867188e+01,3.555687412619590870e-01
3.041196363994053087e+01,2.029090309143066406e+01,-3.130981400609016418e-01
3.041196363994053087e+01,2.029090309143066406e+01,3.314491286873817444e-01
3.145726801463535338e+01,2.254544830322265625e+01,-2.825810544192790541e-01
3.145726801463535338e+01,2.254544830322265625e+01,3.001421771943568739e-01
3.257101893288749039e+01,2.479999160766601562e+01,-2.482977636158466006e-01
3.257101893288749039e+01,2.479999160766601562e+01,2.609152771532536330e-01
3.374150218691144687e+01,2.705453681945800781e+01,-2.233507320284844055e-01
3.374150218691144687e+01,2.705453681945800781e+01,2.355329379439353998e-01
3.494232122693743037e+01,2.930908203125000000e+01,-2.058634489774704424e-01
3.494232122693743037e+01,2.930908203125000000e+01,2.177021235227585283e-01
3.563830359867640851e+01,3.156362533569335938e+01,-1.874247528612613678e-01
3.563830359867640851e+01,3.156362533569335938e+01,2.025852389633655548e-01
2.817245309140000842e+01,0.000000000000000000e+00,-2.904042553901672541e+00
2.817245309140000842e+01,0.000000000000000000e+00,3.059395146369934260e+00
2.846775607109070094e+01,2.254544734954833984e+00,-2.796248674392700195e+00
2.846775607109070094e+01,2.254544734954833984e+00,2.947202444076538086e+00
2.964245387486048955e+01,4.509089469909667969e+00,-2.220864331722260054e+00
2.964245387486048955e+01,4.509089469909667969e+00,2.381695067882538375e+00
3.082245608193534281e+01,6.763634204864501953e+00,-1.629445165395737138e+00
3.082245608193534281e+01,6.763634204864501953e+00,1.770143955945969072e+00
3.045504509244646485e+01,9.018178939819335938e+00,-1.087519881129264787e+00
3.045504509244646485e+01,9.018178939819335938e+00,1.201672849059105319e+00
2.911776070458548205e+01,1.127272415161132812e+01,-6.627837747335435514e-01
2.911776070458548205e+01,1.127272415161132812e+01,7.321955889463428457e-01
2.830699567249842730e+01,1.352726840972900391e+01,-4.298472255468367975e-01
2.830699567249842730e+01,1.352726840972900391e+01,4.633316248655318659e-01
2.924799239294869935e+01,1.578181266784667969e+01,-3.545761212706566301e-01
2.924799239294869935e+01,1.578181266784667969e+01,3.753140375018120256e-01
3.026935873304094571e+01,1.803635787963867188e+01,-3.341050788760185353e-01
3.026935873304094571e+01,1.803635787963867188e+01,3.555687412619590870e-01
3.125970550264630532e+01,2.029090309143066406e+01,-3.130981400609016418e-01
3.125970550264630532e+01,2.029090309143066406e+01,3.314491286873817444e-01
3.224385860170636420e+01,2.254544830322265625e+01,-2.825810544192790541e-01
3.224385860170636420e+01,2.254544830322265625e+01,3.001421771943568739e-01
3.329512840815952757e+01,2.479999160766601562e+01,-2.482977636158466006e-01
3.329512840815952757e+01,2.479999160766601562e+01,2.609152771532536330e-01
3.442145751135689835e+01,2.705453681945800781e+01,-2.233507320284844055e-01
3.442145751135689835e+01,2.705453681945800781e+01,2.355329379439353998e-01
3.559809260232107420e+01,2.930908203125000000e+01,-2.058634489774704424e-01
3.559809260232107420e+01,2.930908203125000000e+01,2.177021235227585283e-01
3.613928663526262852e+01,3.156362533569335938e+01,-1.874247528612613678e-01
3.613928663526262852e+01,3.156362533569335938e+01,2.025852389633655548e-01
3.400280031604425801e+01,0.000000000000000000e+00,-2.904042553901672541e+00
3.400280031604425801e+01,0.000000000000000000e+00,3.059395146369934260e+00
3.404958254814148688e+01,2.254544734954833984e+00,-2.796248674392700195e+00
3.404958254814148688e+01,2.254544734954833984e+00,2.947202444076538086e+00
3.433985219682965351e+01,4.509089469909667969e+00,-2.220864331722260054e+00
3.433985219682965351e+01,4.509089469909667969e+00,2.381695067882538375e+00
3.430009742191860767e+01,6.763634204864501953e+00,-1.629445165395737138e+00
3.430009742191860767e+01,6.763634204864501953e+00,1.770143955945969072e+00
3.292702277319772008e+01,9.018178939819335938e+00,-1.087519881129264787e+00
3.292702277319772008e+01,9.018178939819335938e+00,1.201672849059105319e+00
3.074752156666346536e+01,1.127272415161132812e+01,-6.627837747335435514e-01
3.074752156666346536e+01,1.127272415161132812e+01,7.321955889463428457e-01
2.934556770052228103e+01,1.352726840972900391e+01,-4.298472255468367975e-01
2.934556770052228103e+01,1.352726840972900391e+01,4.633316248655318659e-01
3.017519777842930750e+01,1.578181266784667969e+01,-3.545761212706566301e-01
3.017519777842930750e+01,1.578181266784667969e+01,3.753140375018120256e-01
3.116439938681466160e+01,1.803635787963867188e+01,-3.341050788760185353e-01
3.116439938681466160e+01,1.803635787963867188e+01,3.555687412619590870e-01
3.210744736535207977e+01,2.029090309143066406e+01,-3.130981400609016418e-01
3.210744736535207977e+01,2.029090309143066406e+01,3.314491286873817444e-01
3.303044918877737501e+01,2.254544830322265625e+01,-2.825810544192790541e-01
3.303044918877737501e+01,2.254544830322265625e+01,3.001421771943568739e-01
3.401923788343157184e+01,2.479999160766601562e+01,-2.482977636158466006e-01
3.401923788343157184e+01,2.479999160766601562e+01,2.609152771532536330e-01
3.510141283580234983e+01,2.705453681945800781e+01,-2.233507320284844055e-01
3.510141283580234983e+01,2.705453681945800781e+01,2.355329379439353998e-01
3.625386397770472513e+01,2.930908203125000000e+01,-2.058634489774704424e-01
3.625386397770472513e+01,2.930908203125000000e+01,2.177021235227585283e-01
3.664026967184884143e+01,3.156362533569335938e+01,-1.874247528612613678e-01
3.664026967184884143e+01,3.156362533569335938e+01,2.025852389633655548e-01
3.983314754068851471e+01,0.000000000000000000e+00,-2.904042553901672541e+00
3.983314754068851471e+01,0.000000000000000000e+00,3.059395146369934260e+00
3.963140902519226927e+01,2.254544734954833984e+00,-2.796248674392700195e+00
3.963140902519226927e+01,2.254544734954833984e+00,2.947202444076538086e+00
3.903725051879882812e+01,4.509089469909667969e+00,-2.220864331722260054e+00
3.903725051879882812e+01,4.509089469909667969e+00,2.381695067882538375e+00
3.777773876190186542e+01,6.763634204864501953e+00,-1.629445165395737138e+00
3.777773876190186542e+01,6.763634204864501953e+00,1.770143955945969072e+00
3.539900045394897887e+01,9.018178939819335938e+00,-1.087519881129264787e+00
3.539900045394897887e+01,9.018178939819335938e+00,1.201672849059105319e+00
3.237728242874145224e+01,1.127272415161132812e+01,-6.627837747335435514e-01
3.237728242874145224e+01,1.127272415161132812e+01,7.321955889463428457e-01
3.038413972854613831e+01,1.352726840972900391e+01,-4.298472255468367975e-01
3.038413972854613831e+01,1.352726840972900391e+01,4.633316248655318659e-01
3.110240316390991566e+01,1.578181266784667969e+01,-3.545761212706566301e-01
3.110240316390991566e+01,1.578181266784667969e+01,3.753140375018120256e-01
3.205944004058837749e+01,1.803635787963867188e+01,-3.341050788760185353e-01
3.205944004058837749e+01,1.803635787963867188e+01,3.555687412619590870e-01
3.295518922805785422e+01,2.029090309143066406e+01,-3.130981400609016418e-01
3.295518922805785422e+01,2.029090309143066406e+01,3.314491286873817444e-01
3.381703977584838583e+01,2.254544830322265625e+01,-2.825810544192790541e-01
3.381703977584838583e+01,2.254544830322265625e+01,3.001421771943568739e-01
3.474334735870361612e+01,2.479999160766601562e+01,-2.482977636158466006e-01
3.474334735870361612e+01,2.479999160766601562e+01,2.609152771532536330e-01
3.578136816024780131e+01,2.705453681945800781e+01,-2.233507320284844055e-01
3.578136816024780131e+01,2.705453681945800781e+01,2.355329379439353998e-01
3.690963535308837606e+01,2.930908203125000000e+01,-2.058634489774704424e-01
3.690963535308837606e+01,2.930908203125000000e+01,2.177021235227585283e-01
3.714125270843506144e+01,3.156362533569335938e+01,-1.874247528612613678e-01
3.714125270843506144e+01,3.156362533569335938e+01,2.025852389633655548e-01
